"Asset","","Liability",""
"Cash","9.288390384467835","Equity",""
"Cash","2.4045603156925512","Total","54.966188589403785"
"Cash","6.30885140555173","",""
"Cash","8.068991295847434","",""
"Cash","13.901763997267079","",""
"Cash","14.993631190577155","",""
"Total","54.96618858940378","",""
