"Asset","","Liability",""
"Cash","7.857225140071295","Equity","0.0"
"Cash","5.485177457867975","Total",""
"Cash","4.936859353224969","","0.0"
"Cash","9.245410049785868","","52.9121604005444"
"Cash","12.38183829301743","",""
"Cash","13.005650106576866","",""
"Total","52.9121604005444","",""
